checked_at,aoi_id,feature_id,official_ems_damage_gra,official_ems_damage_percent,centroid_lat,centroid_lon,before_chip,after_chip,compare_chip,before_exists,after_exists,compare_exists,before_mean_rgb,after_mean_rgb,before_valid_pixel_ratio,after_valid_pixel_ratio,before_bytes,after_bytes,compare_bytes,automated_verdict,manual_alignment_review_required,vlm_spend_gate
2026-06-30T23:22:52Z,emsr884-aoi12-caraballeda,aoi12_v2_00002,Damaged,70,10.58730931,-67.07899751,/data/chips/emsr884-aoi12-caraballeda/aoi12_v2_00002_before_event.png,/data/chips/emsr884-aoi12-caraballeda/aoi12_v2_00002_after_event.png,/data/chips/emsr884-aoi12-caraballeda/aoi12_v2_00002_before_after_compare.png,True,True,True,89.455,117.052,1.0,0.994,37622,105144,152376,pass_automated_chip_qa_needs_manual_alignment_review,True,do_not_run_vlm_until_manual_alignment_review_passes
2026-06-30T23:22:52Z,emsr884-aoi12-caraballeda,aoi12_v2_00004,Possibly damaged,35,10.59885724,-67.04128707,/data/chips/emsr884-aoi12-caraballeda/aoi12_v2_00004_before_event.png,/data/chips/emsr884-aoi12-caraballeda/aoi12_v2_00004_after_event.png,/data/chips/emsr884-aoi12-caraballeda/aoi12_v2_00004_before_after_compare.png,True,True,True,119.811,117.505,0.9892,0.9866,75264,122553,204963,pass_automated_chip_qa_needs_manual_alignment_review,True,do_not_run_vlm_until_manual_alignment_review_passes
2026-06-30T23:22:52Z,emsr884-aoi12-caraballeda,aoi12_v2_00005,Damaged,70,10.60158859,-67.03257018,/data/chips/emsr884-aoi12-caraballeda/aoi12_v2_00005_before_event.png,/data/chips/emsr884-aoi12-caraballeda/aoi12_v2_00005_after_event.png,/data/chips/emsr884-aoi12-caraballeda/aoi12_v2_00005_before_after_compare.png,True,True,True,137.913,166.946,0.9846,0.9846,65368,105757,178196,pass_automated_chip_qa_needs_manual_alignment_review,True,do_not_run_vlm_until_manual_alignment_review_passes
2026-06-30T23:22:52Z,emsr884-aoi12-caraballeda,aoi12_v2_00007,Damaged,70,10.60206927,-67.03488734,/data/chips/emsr884-aoi12-caraballeda/aoi12_v2_00007_before_event.png,/data/chips/emsr884-aoi12-caraballeda/aoi12_v2_00007_after_event.png,/data/chips/emsr884-aoi12-caraballeda/aoi12_v2_00007_before_after_compare.png,True,True,True,122.431,114.989,1.0,0.9997,70166,111510,188671,pass_automated_chip_qa_needs_manual_alignment_review,True,do_not_run_vlm_until_manual_alignment_review_passes
2026-06-30T23:22:52Z,emsr884-aoi12-caraballeda,aoi12_v2_00011,Damaged,70,10.59664975,-67.02063953,/data/chips/emsr884-aoi12-caraballeda/aoi12_v2_00011_before_event.png,/data/chips/emsr884-aoi12-caraballeda/aoi12_v2_00011_after_event.png,/data/chips/emsr884-aoi12-caraballeda/aoi12_v2_00011_before_after_compare.png,True,True,True,151.096,180.987,0.9908,0.9908,78346,107638,192845,pass_automated_chip_qa_needs_manual_alignment_review,True,do_not_run_vlm_until_manual_alignment_review_passes
2026-06-30T23:22:52Z,emsr884-aoi12-caraballeda,aoi12_v2_00012,Damaged,70,10.6004433,-67.0249633,/data/chips/emsr884-aoi12-caraballeda/aoi12_v2_00012_before_event.png,/data/chips/emsr884-aoi12-caraballeda/aoi12_v2_00012_after_event.png,/data/chips/emsr884-aoi12-caraballeda/aoi12_v2_00012_before_after_compare.png,True,True,True,119.733,160.543,0.9869,0.9869,74703,115604,197287,pass_automated_chip_qa_needs_manual_alignment_review,True,do_not_run_vlm_until_manual_alignment_review_passes
2026-06-30T23:22:52Z,emsr884-aoi12-caraballeda,aoi12_v2_00013,Damaged,70,10.60165398,-67.02620188,/data/chips/emsr884-aoi12-caraballeda/aoi12_v2_00013_before_event.png,/data/chips/emsr884-aoi12-caraballeda/aoi12_v2_00013_after_event.png,/data/chips/emsr884-aoi12-caraballeda/aoi12_v2_00013_before_after_compare.png,True,True,True,104.352,129.153,1.0,1.0,69613,113086,190279,pass_automated_chip_qa_needs_manual_alignment_review,True,do_not_run_vlm_until_manual_alignment_review_passes
2026-06-30T23:22:52Z,emsr884-aoi12-caraballeda,aoi12_v2_00015,Damaged,70,10.6028218,-67.02590651,/data/chips/emsr884-aoi12-caraballeda/aoi12_v2_00015_before_event.png,/data/chips/emsr884-aoi12-caraballeda/aoi12_v2_00015_after_event.png,/data/chips/emsr884-aoi12-caraballeda/aoi12_v2_00015_before_after_compare.png,True,True,True,135.828,158.107,0.9843,0.9843,81665,117130,205088,pass_automated_chip_qa_needs_manual_alignment_review,True,do_not_run_vlm_until_manual_alignment_review_passes
2026-06-30T23:22:52Z,emsr884-aoi12-caraballeda,aoi12_v2_00016,Damaged,70,10.60293388,-67.02269238,/data/chips/emsr884-aoi12-caraballeda/aoi12_v2_00016_before_event.png,/data/chips/emsr884-aoi12-caraballeda/aoi12_v2_00016_after_event.png,/data/chips/emsr884-aoi12-caraballeda/aoi12_v2_00016_before_after_compare.png,True,True,True,122.406,125.26,0.9914,0.9913,79895,122523,211023,pass_automated_chip_qa_needs_manual_alignment_review,True,do_not_run_vlm_until_manual_alignment_review_passes
2026-06-30T23:22:52Z,emsr884-aoi12-caraballeda,aoi12_v2_00023,Damaged,70,10.60372359,-67.02844867,/data/chips/emsr884-aoi12-caraballeda/aoi12_v2_00023_before_event.png,/data/chips/emsr884-aoi12-caraballeda/aoi12_v2_00023_after_event.png,/data/chips/emsr884-aoi12-caraballeda/aoi12_v2_00023_before_after_compare.png,True,True,True,141.497,170.35,0.9863,0.9863,76772,111671,194989,pass_automated_chip_qa_needs_manual_alignment_review,True,do_not_run_vlm_until_manual_alignment_review_passes
2026-06-30T23:22:52Z,emsr884-aoi12-caraballeda,aoi12_v2_00024,Damaged,70,10.60389257,-67.03400734,/data/chips/emsr884-aoi12-caraballeda/aoi12_v2_00024_before_event.png,/data/chips/emsr884-aoi12-caraballeda/aoi12_v2_00024_after_event.png,/data/chips/emsr884-aoi12-caraballeda/aoi12_v2_00024_before_after_compare.png,True,True,True,134.254,146.736,0.9882,0.9882,72342,110733,189556,pass_automated_chip_qa_needs_manual_alignment_review,True,do_not_run_vlm_until_manual_alignment_review_passes
2026-06-30T23:22:52Z,emsr884-aoi12-caraballeda,aoi12_v2_00029,Damaged,70,10.60472413,-67.02996889,/data/chips/emsr884-aoi12-caraballeda/aoi12_v2_00029_before_event.png,/data/chips/emsr884-aoi12-caraballeda/aoi12_v2_00029_after_event.png,/data/chips/emsr884-aoi12-caraballeda/aoi12_v2_00029_before_after_compare.png,True,True,True,140.047,168.572,0.9937,0.9937,84226,125150,216284,pass_automated_chip_qa_needs_manual_alignment_review,True,do_not_run_vlm_until_manual_alignment_review_passes
2026-06-30T23:22:52Z,emsr884-aoi12-caraballeda,aoi12_v2_00030,Damaged,70,10.60519352,-67.0304527,/data/chips/emsr884-aoi12-caraballeda/aoi12_v2_00030_before_event.png,/data/chips/emsr884-aoi12-caraballeda/aoi12_v2_00030_after_event.png,/data/chips/emsr884-aoi12-caraballeda/aoi12_v2_00030_before_after_compare.png,True,True,True,139.142,166.567,1.0,1.0,76711,115646,199260,pass_automated_chip_qa_needs_manual_alignment_review,True,do_not_run_vlm_until_manual_alignment_review_passes
2026-06-30T23:22:52Z,emsr884-aoi12-caraballeda,aoi12_v2_00031,Damaged,70,10.60523295,-67.03594358,/data/chips/emsr884-aoi12-caraballeda/aoi12_v2_00031_before_event.png,/data/chips/emsr884-aoi12-caraballeda/aoi12_v2_00031_after_event.png,/data/chips/emsr884-aoi12-caraballeda/aoi12_v2_00031_before_after_compare.png,True,True,True,148.694,158.326,0.9878,0.9878,75334,114137,195902,pass_automated_chip_qa_needs_manual_alignment_review,True,do_not_run_vlm_until_manual_alignment_review_passes
2026-06-30T23:22:52Z,emsr884-aoi12-caraballeda,aoi12_v2_00036,Possibly damaged,35,10.60598189,-67.03025845,/data/chips/emsr884-aoi12-caraballeda/aoi12_v2_00036_before_event.png,/data/chips/emsr884-aoi12-caraballeda/aoi12_v2_00036_after_event.png,/data/chips/emsr884-aoi12-caraballeda/aoi12_v2_00036_before_after_compare.png,True,True,True,126.288,136.889,0.9863,0.9863,77600,118747,203798,pass_automated_chip_qa_needs_manual_alignment_review,True,do_not_run_vlm_until_manual_alignment_review_passes
2026-06-30T23:22:52Z,emsr884-aoi12-caraballeda,aoi12_v2_00046,Damaged,70,10.60712978,-67.01730287,/data/chips/emsr884-aoi12-caraballeda/aoi12_v2_00046_before_event.png,/data/chips/emsr884-aoi12-caraballeda/aoi12_v2_00046_after_event.png,/data/chips/emsr884-aoi12-caraballeda/aoi12_v2_00046_before_after_compare.png,True,True,True,133.276,143.945,0.9883,0.9883,75485,115350,197619,pass_automated_chip_qa_needs_manual_alignment_review,True,do_not_run_vlm_until_manual_alignment_review_passes
2026-06-30T23:22:52Z,emsr884-aoi12-caraballeda,aoi12_v2_00047,Damaged,70,10.60719554,-67.01995167,/data/chips/emsr884-aoi12-caraballeda/aoi12_v2_00047_before_event.png,/data/chips/emsr884-aoi12-caraballeda/aoi12_v2_00047_after_event.png,/data/chips/emsr884-aoi12-caraballeda/aoi12_v2_00047_before_after_compare.png,True,True,True,134.671,147.584,0.9754,0.9754,70991,109803,186977,pass_automated_chip_qa_needs_manual_alignment_review,True,do_not_run_vlm_until_manual_alignment_review_passes
2026-06-30T23:22:52Z,emsr884-aoi12-caraballeda,aoi12_v2_00050,Damaged,70,10.60797468,-67.01731116,/data/chips/emsr884-aoi12-caraballeda/aoi12_v2_00050_before_event.png,/data/chips/emsr884-aoi12-caraballeda/aoi12_v2_00050_after_event.png,/data/chips/emsr884-aoi12-caraballeda/aoi12_v2_00050_before_after_compare.png,True,True,True,115.683,119.797,0.9876,0.9876,73515,115700,196378,pass_automated_chip_qa_needs_manual_alignment_review,True,do_not_run_vlm_until_manual_alignment_review_passes
2026-06-30T23:22:52Z,emsr884-aoi12-caraballeda,aoi12_v2_00051,Possibly damaged,35,10.60741746,-67.01439396,/data/chips/emsr884-aoi12-caraballeda/aoi12_v2_00051_before_event.png,/data/chips/emsr884-aoi12-caraballeda/aoi12_v2_00051_after_event.png,/data/chips/emsr884-aoi12-caraballeda/aoi12_v2_00051_before_after_compare.png,True,True,True,112.836,106.43,0.9875,0.9875,70169,112526,189540,pass_automated_chip_qa_needs_manual_alignment_review,True,do_not_run_vlm_until_manual_alignment_review_passes
2026-06-30T23:22:52Z,emsr884-aoi12-caraballeda,aoi12_v2_00052,Damaged,70,10.60797107,-67.01419955,/data/chips/emsr884-aoi12-caraballeda/aoi12_v2_00052_before_event.png,/data/chips/emsr884-aoi12-caraballeda/aoi12_v2_00052_after_event.png,/data/chips/emsr884-aoi12-caraballeda/aoi12_v2_00052_before_after_compare.png,True,True,True,120.011,120.812,0.994,0.994,75388,115703,197911,pass_automated_chip_qa_needs_manual_alignment_review,True,do_not_run_vlm_until_manual_alignment_review_passes
2026-06-30T23:22:52Z,emsr884-aoi12-caraballeda,aoi12_v2_00054,Damaged,70,10.60832361,-67.00146379,/data/chips/emsr884-aoi12-caraballeda/aoi12_v2_00054_before_event.png,/data/chips/emsr884-aoi12-caraballeda/aoi12_v2_00054_after_event.png,/data/chips/emsr884-aoi12-caraballeda/aoi12_v2_00054_before_after_compare.png,True,True,True,127.606,136.152,0.9855,0.9855,79914,121711,208086,pass_automated_chip_qa_needs_manual_alignment_review,True,do_not_run_vlm_until_manual_alignment_review_passes
2026-06-30T23:22:52Z,emsr884-aoi12-caraballeda,aoi12_v2_00055,Possibly damaged,35,10.60864843,-67.0008868,/data/chips/emsr884-aoi12-caraballeda/aoi12_v2_00055_before_event.png,/data/chips/emsr884-aoi12-caraballeda/aoi12_v2_00055_after_event.png,/data/chips/emsr884-aoi12-caraballeda/aoi12_v2_00055_before_after_compare.png,True,True,True,127.473,131.424,0.9805,0.98,78841,116307,201355,pass_automated_chip_qa_needs_manual_alignment_review,True,do_not_run_vlm_until_manual_alignment_review_passes
2026-06-30T23:22:52Z,emsr884-aoi12-caraballeda,aoi12_v2_00058,Damaged,70,10.60887802,-67.01315449,/data/chips/emsr884-aoi12-caraballeda/aoi12_v2_00058_before_event.png,/data/chips/emsr884-aoi12-caraballeda/aoi12_v2_00058_after_event.png,/data/chips/emsr884-aoi12-caraballeda/aoi12_v2_00058_before_after_compare.png,True,True,True,131.453,154.06,0.9766,0.9766,74614,112469,194203,pass_automated_chip_qa_needs_manual_alignment_review,True,do_not_run_vlm_until_manual_alignment_review_passes
2026-06-30T23:22:52Z,emsr884-aoi12-caraballeda,aoi12_v2_00059,Damaged,70,10.60890661,-67.01157302,/data/chips/emsr884-aoi12-caraballeda/aoi12_v2_00059_before_event.png,/data/chips/emsr884-aoi12-caraballeda/aoi12_v2_00059_after_event.png,/data/chips/emsr884-aoi12-caraballeda/aoi12_v2_00059_before_after_compare.png,True,True,True,125.265,143.354,1.0,1.0,74212,113931,194885,pass_automated_chip_qa_needs_manual_alignment_review,True,do_not_run_vlm_until_manual_alignment_review_passes
2026-06-30T23:22:52Z,emsr884-aoi12-caraballeda,aoi12_v2_00060,Damaged,70,10.60938662,-67.01019058,/data/chips/emsr884-aoi12-caraballeda/aoi12_v2_00060_before_event.png,/data/chips/emsr884-aoi12-caraballeda/aoi12_v2_00060_after_event.png,/data/chips/emsr884-aoi12-caraballeda/aoi12_v2_00060_before_after_compare.png,True,True,True,127.109,145.342,0.993,0.993,80226,120799,208429,pass_automated_chip_qa_needs_manual_alignment_review,True,do_not_run_vlm_until_manual_alignment_review_passes
2026-06-30T23:22:52Z,emsr884-aoi12-caraballeda,aoi12_v2_00067,Possibly damaged,35,10.60882158,-67.02003151,/data/chips/emsr884-aoi12-caraballeda/aoi12_v2_00067_before_event.png,/data/chips/emsr884-aoi12-caraballeda/aoi12_v2_00067_after_event.png,/data/chips/emsr884-aoi12-caraballeda/aoi12_v2_00067_before_after_compare.png,True,True,True,119.657,143.473,0.9753,0.9753,69149,106148,181509,pass_automated_chip_qa_needs_manual_alignment_review,True,do_not_run_vlm_until_manual_alignment_review_passes
2026-06-30T23:22:52Z,emsr884-aoi12-caraballeda,aoi12_v2_00068,Damaged,70,10.60882594,-67.01886559,/data/chips/emsr884-aoi12-caraballeda/aoi12_v2_00068_before_event.png,/data/chips/emsr884-aoi12-caraballeda/aoi12_v2_00068_after_event.png,/data/chips/emsr884-aoi12-caraballeda/aoi12_v2_00068_before_after_compare.png,True,True,True,120.85,137.811,1.0,1.0,74519,115680,197188,pass_automated_chip_qa_needs_manual_alignment_review,True,do_not_run_vlm_until_manual_alignment_review_passes
2026-06-30T23:22:52Z,emsr884-aoi12-caraballeda,aoi12_v2_00077,Possibly damaged,35,10.61090108,-66.99118987,/data/chips/emsr884-aoi12-caraballeda/aoi12_v2_00077_before_event.png,/data/chips/emsr884-aoi12-caraballeda/aoi12_v2_00077_after_event.png,/data/chips/emsr884-aoi12-caraballeda/aoi12_v2_00077_before_after_compare.png,True,True,True,125.105,124.459,0.9866,0.9866,81793,125732,214844,pass_automated_chip_qa_needs_manual_alignment_review,True,do_not_run_vlm_until_manual_alignment_review_passes
2026-06-30T23:22:52Z,emsr884-aoi12-caraballeda,aoi12_v2_00078,Possibly damaged,35,10.61103019,-67.00627934,/data/chips/emsr884-aoi12-caraballeda/aoi12_v2_00078_before_event.png,/data/chips/emsr884-aoi12-caraballeda/aoi12_v2_00078_after_event.png,/data/chips/emsr884-aoi12-caraballeda/aoi12_v2_00078_before_after_compare.png,True,True,True,131.377,156.025,0.9843,0.9843,83478,122383,213516,pass_automated_chip_qa_needs_manual_alignment_review,True,do_not_run_vlm_until_manual_alignment_review_passes
2026-06-30T23:22:52Z,emsr884-aoi12-caraballeda,aoi12_v2_00079,Damaged,70,10.60971015,-67.01731587,/data/chips/emsr884-aoi12-caraballeda/aoi12_v2_00079_before_event.png,/data/chips/emsr884-aoi12-caraballeda/aoi12_v2_00079_after_event.png,/data/chips/emsr884-aoi12-caraballeda/aoi12_v2_00079_before_after_compare.png,True,True,True,128.011,151.769,0.9889,0.9889,72484,110503,189380,pass_automated_chip_qa_needs_manual_alignment_review,True,do_not_run_vlm_until_manual_alignment_review_passes
2026-06-30T23:22:52Z,emsr884-aoi12-caraballeda,aoi12_v2_00082,Damaged,70,10.61293969,-67.01838822,/data/chips/emsr884-aoi12-caraballeda/aoi12_v2_00082_before_event.png,/data/chips/emsr884-aoi12-caraballeda/aoi12_v2_00082_after_event.png,/data/chips/emsr884-aoi12-caraballeda/aoi12_v2_00082_before_after_compare.png,True,True,True,118.088,118.985,0.9881,0.988,77410,118574,203410,pass_automated_chip_qa_needs_manual_alignment_review,True,do_not_run_vlm_until_manual_alignment_review_passes
2026-06-30T23:22:52Z,emsr884-aoi12-caraballeda,aoi12_v2_00083,Possibly damaged,35,10.59799097,-66.92943752,/data/chips/emsr884-aoi12-caraballeda/aoi12_v2_00083_before_event.png,/data/chips/emsr884-aoi12-caraballeda/aoi12_v2_00083_after_event.png,/data/chips/emsr884-aoi12-caraballeda/aoi12_v2_00083_before_after_compare.png,True,True,True,127.557,121.293,1.0,0.9985,77077,123851,208262,pass_automated_chip_qa_needs_manual_alignment_review,True,do_not_run_vlm_until_manual_alignment_review_passes
2026-06-30T23:22:52Z,emsr884-aoi12-caraballeda,aoi12_v2_00085,Damaged,70,10.60053597,-66.93445042,/data/chips/emsr884-aoi12-caraballeda/aoi12_v2_00085_before_event.png,/data/chips/emsr884-aoi12-caraballeda/aoi12_v2_00085_after_event.png,/data/chips/emsr884-aoi12-caraballeda/aoi12_v2_00085_before_after_compare.png,True,True,True,127.785,137.534,0.9862,0.9861,73500,121851,202144,pass_automated_chip_qa_needs_manual_alignment_review,True,do_not_run_vlm_until_manual_alignment_review_passes
2026-06-30T23:22:52Z,emsr884-aoi12-caraballeda,aoi12_v2_00088,Possibly damaged,35,10.60209801,-66.9342563,/data/chips/emsr884-aoi12-caraballeda/aoi12_v2_00088_before_event.png,/data/chips/emsr884-aoi12-caraballeda/aoi12_v2_00088_after_event.png,/data/chips/emsr884-aoi12-caraballeda/aoi12_v2_00088_before_after_compare.png,True,True,True,144.991,173.836,0.9863,0.9863,70038,110127,187065,pass_automated_chip_qa_needs_manual_alignment_review,True,do_not_run_vlm_until_manual_alignment_review_passes
2026-06-30T23:22:52Z,emsr884-aoi12-caraballeda,aoi12_v2_00092,Damaged,70,10.60633398,-66.97848092,/data/chips/emsr884-aoi12-caraballeda/aoi12_v2_00092_before_event.png,/data/chips/emsr884-aoi12-caraballeda/aoi12_v2_00092_after_event.png,/data/chips/emsr884-aoi12-caraballeda/aoi12_v2_00092_before_after_compare.png,True,True,True,135.248,142.677,0.9941,0.9941,70885,113840,192206,pass_automated_chip_qa_needs_manual_alignment_review,True,do_not_run_vlm_until_manual_alignment_review_passes
2026-06-30T23:22:52Z,emsr884-aoi12-caraballeda,aoi12_v2_00097,Damaged,70,10.60567847,-66.89568419,/data/chips/emsr884-aoi12-caraballeda/aoi12_v2_00097_before_event.png,/data/chips/emsr884-aoi12-caraballeda/aoi12_v2_00097_after_event.png,/data/chips/emsr884-aoi12-caraballeda/aoi12_v2_00097_before_after_compare.png,False,False,False,,,,,,,,skip_missing_before_chip,False,do_not_run_vlm_until_manual_alignment_review_passes
2026-06-30T23:22:52Z,emsr884-aoi12-caraballeda,aoi12_v2_00100,Damaged,70,10.60801276,-66.85147711,/data/chips/emsr884-aoi12-caraballeda/aoi12_v2_00100_before_event.png,/data/chips/emsr884-aoi12-caraballeda/aoi12_v2_00100_after_event.png,/data/chips/emsr884-aoi12-caraballeda/aoi12_v2_00100_before_after_compare.png,True,True,True,101.607,240.766,1.0,1.0,75389,44659,127948,pass_automated_chip_qa_needs_manual_alignment_review,True,do_not_run_vlm_until_manual_alignment_review_passes
2026-06-30T23:22:52Z,emsr884-aoi12-caraballeda,aoi12_v2_00102,Possibly damaged,35,10.61037345,-66.87219287,/data/chips/emsr884-aoi12-caraballeda/aoi12_v2_00102_before_event.png,/data/chips/emsr884-aoi12-caraballeda/aoi12_v2_00102_after_event.png,/data/chips/emsr884-aoi12-caraballeda/aoi12_v2_00102_before_after_compare.png,False,False,False,,,,,,,,skip_missing_before_chip,False,do_not_run_vlm_until_manual_alignment_review_passes
2026-06-30T23:22:52Z,emsr884-aoi12-caraballeda,aoi12_v2_00105,Damaged,70,10.61036312,-66.83740698,/data/chips/emsr884-aoi12-caraballeda/aoi12_v2_00105_before_event.png,/data/chips/emsr884-aoi12-caraballeda/aoi12_v2_00105_after_event.png,/data/chips/emsr884-aoi12-caraballeda/aoi12_v2_00105_before_after_compare.png,True,True,True,109.3,174.958,0.9875,0.9875,71445,112103,190159,pass_automated_chip_qa_needs_manual_alignment_review,True,do_not_run_vlm_until_manual_alignment_review_passes
2026-06-30T23:22:52Z,emsr884-aoi12-caraballeda,aoi12_v2_00107,Damaged,70,10.61053917,-66.82799629,/data/chips/emsr884-aoi12-caraballeda/aoi12_v2_00107_before_event.png,/data/chips/emsr884-aoi12-caraballeda/aoi12_v2_00107_after_event.png,/data/chips/emsr884-aoi12-caraballeda/aoi12_v2_00107_before_after_compare.png,True,True,True,115.544,153.617,0.992,0.992,84969,127935,221025,pass_automated_chip_qa_needs_manual_alignment_review,True,do_not_run_vlm_until_manual_alignment_review_passes
2026-06-30T23:22:52Z,emsr884-aoi12-caraballeda,aoi12_v2_00110,Damaged,70,10.61129859,-66.83998787,/data/chips/emsr884-aoi12-caraballeda/aoi12_v2_00110_before_event.png,/data/chips/emsr884-aoi12-caraballeda/aoi12_v2_00110_after_event.png,/data/chips/emsr884-aoi12-caraballeda/aoi12_v2_00110_before_after_compare.png,True,True,True,75.52,69.107,1.0,0.9984,69682,115260,192135,pass_automated_chip_qa_needs_manual_alignment_review,True,do_not_run_vlm_until_manual_alignment_review_passes
2026-06-30T23:22:52Z,emsr884-aoi12-caraballeda,aoi12_v2_00114,Damaged,70,10.60972912,-67.015785,/data/chips/emsr884-aoi12-caraballeda/aoi12_v2_00114_before_event.png,/data/chips/emsr884-aoi12-caraballeda/aoi12_v2_00114_after_event.png,/data/chips/emsr884-aoi12-caraballeda/aoi12_v2_00114_before_after_compare.png,True,True,True,145.336,154.81,0.9883,0.9883,73432,110483,190557,pass_automated_chip_qa_needs_manual_alignment_review,True,do_not_run_vlm_until_manual_alignment_review_passes
2026-06-30T23:22:52Z,emsr884-aoi12-caraballeda,aoi12_v2_00128,Damaged,70,10.61230037,-66.83409646,/data/chips/emsr884-aoi12-caraballeda/aoi12_v2_00128_before_event.png,/data/chips/emsr884-aoi12-caraballeda/aoi12_v2_00128_after_event.png,/data/chips/emsr884-aoi12-caraballeda/aoi12_v2_00128_before_after_compare.png,True,True,True,106.527,152.218,0.9842,0.9841,78347,118259,203471,pass_automated_chip_qa_needs_manual_alignment_review,True,do_not_run_vlm_until_manual_alignment_review_passes
2026-06-30T23:22:52Z,emsr884-aoi12-caraballeda,aoi12_v2_00134,Possibly damaged,35,10.61188821,-66.85000946,/data/chips/emsr884-aoi12-caraballeda/aoi12_v2_00134_before_event.png,/data/chips/emsr884-aoi12-caraballeda/aoi12_v2_00134_after_event.png,/data/chips/emsr884-aoi12-caraballeda/aoi12_v2_00134_before_after_compare.png,True,True,True,117.486,187.501,0.9877,0.9877,77473,103735,187521,pass_automated_chip_qa_needs_manual_alignment_review,True,do_not_run_vlm_until_manual_alignment_review_passes
2026-06-30T23:22:52Z,emsr884-aoi12-caraballeda,aoi12_v2_00135,Possibly damaged,35,10.61236466,-66.84894249,/data/chips/emsr884-aoi12-caraballeda/aoi12_v2_00135_before_event.png,/data/chips/emsr884-aoi12-caraballeda/aoi12_v2_00135_after_event.png,/data/chips/emsr884-aoi12-caraballeda/aoi12_v2_00135_before_after_compare.png,True,True,True,122.465,180.239,0.9867,0.9867,85936,115969,208856,pass_automated_chip_qa_needs_manual_alignment_review,True,do_not_run_vlm_until_manual_alignment_review_passes
2026-06-30T23:22:52Z,emsr884-aoi12-caraballeda,aoi12_v2_00136,Damaged,70,10.61408022,-66.86071442,/data/chips/emsr884-aoi12-caraballeda/aoi12_v2_00136_before_event.png,/data/chips/emsr884-aoi12-caraballeda/aoi12_v2_00136_after_event.png,/data/chips/emsr884-aoi12-caraballeda/aoi12_v2_00136_before_after_compare.png,False,False,False,,,,,,,,skip_missing_before_chip,False,do_not_run_vlm_until_manual_alignment_review_passes
2026-06-30T23:22:52Z,emsr884-aoi12-caraballeda,aoi12_v2_00137,Possibly damaged,35,10.61525348,-66.85857073,/data/chips/emsr884-aoi12-caraballeda/aoi12_v2_00137_before_event.png,/data/chips/emsr884-aoi12-caraballeda/aoi12_v2_00137_after_event.png,/data/chips/emsr884-aoi12-caraballeda/aoi12_v2_00137_before_after_compare.png,False,False,False,,,,,,,,skip_missing_before_chip,False,do_not_run_vlm_until_manual_alignment_review_passes
2026-06-30T23:22:52Z,emsr884-aoi12-caraballeda,aoi12_v2_00138,Possibly damaged,35,10.6153314,-66.85769951,/data/chips/emsr884-aoi12-caraballeda/aoi12_v2_00138_before_event.png,/data/chips/emsr884-aoi12-caraballeda/aoi12_v2_00138_after_event.png,/data/chips/emsr884-aoi12-caraballeda/aoi12_v2_00138_before_after_compare.png,False,False,False,,,,,,,,skip_missing_before_chip,False,do_not_run_vlm_until_manual_alignment_review_passes
2026-06-30T23:22:52Z,emsr884-aoi12-caraballeda,aoi12_v2_00140,Damaged,70,10.61591795,-66.85369213,/data/chips/emsr884-aoi12-caraballeda/aoi12_v2_00140_before_event.png,/data/chips/emsr884-aoi12-caraballeda/aoi12_v2_00140_after_event.png,/data/chips/emsr884-aoi12-caraballeda/aoi12_v2_00140_before_after_compare.png,False,False,False,,,,,,,,skip_missing_before_chip,False,do_not_run_vlm_until_manual_alignment_review_passes
2026-06-30T23:22:52Z,emsr884-aoi12-caraballeda,aoi12_v2_00141,Damaged,70,10.61593508,-66.8574822,/data/chips/emsr884-aoi12-caraballeda/aoi12_v2_00141_before_event.png,/data/chips/emsr884-aoi12-caraballeda/aoi12_v2_00141_after_event.png,/data/chips/emsr884-aoi12-caraballeda/aoi12_v2_00141_before_after_compare.png,False,False,False,,,,,,,,skip_missing_before_chip,False,do_not_run_vlm_until_manual_alignment_review_passes
2026-06-30T23:22:52Z,emsr884-aoi12-caraballeda,aoi12_v2_00142,Damaged,70,10.61595053,-66.84834146,/data/chips/emsr884-aoi12-caraballeda/aoi12_v2_00142_before_event.png,/data/chips/emsr884-aoi12-caraballeda/aoi12_v2_00142_after_event.png,/data/chips/emsr884-aoi12-caraballeda/aoi12_v2_00142_before_after_compare.png,True,True,True,116.438,169.356,0.9879,0.9879,78977,112824,198054,pass_automated_chip_qa_needs_manual_alignment_review,True,do_not_run_vlm_until_manual_alignment_review_passes
2026-06-30T23:22:52Z,emsr884-aoi12-caraballeda,aoi12_v2_00144,Damaged,70,10.61499339,-66.84357728,/data/chips/emsr884-aoi12-caraballeda/aoi12_v2_00144_before_event.png,/data/chips/emsr884-aoi12-caraballeda/aoi12_v2_00144_after_event.png,/data/chips/emsr884-aoi12-caraballeda/aoi12_v2_00144_before_after_compare.png,True,True,True,110.434,148.712,0.9928,0.9928,74602,117832,201223,pass_automated_chip_qa_needs_manual_alignment_review,True,do_not_run_vlm_until_manual_alignment_review_passes
2026-06-30T23:22:52Z,emsr884-aoi12-caraballeda,aoi12_v2_00148,Damaged,70,10.6156715,-66.84658057,/data/chips/emsr884-aoi12-caraballeda/aoi12_v2_00148_before_event.png,/data/chips/emsr884-aoi12-caraballeda/aoi12_v2_00148_after_event.png,/data/chips/emsr884-aoi12-caraballeda/aoi12_v2_00148_before_after_compare.png,True,True,True,94.823,152.978,0.9883,0.9883,72274,115495,194857,pass_automated_chip_qa_needs_manual_alignment_review,True,do_not_run_vlm_until_manual_alignment_review_passes
2026-06-30T23:22:52Z,emsr884-aoi12-caraballeda,aoi12_v2_00154,Possibly damaged,35,10.61661868,-66.84829174,/data/chips/emsr884-aoi12-caraballeda/aoi12_v2_00154_before_event.png,/data/chips/emsr884-aoi12-caraballeda/aoi12_v2_00154_after_event.png,/data/chips/emsr884-aoi12-caraballeda/aoi12_v2_00154_before_after_compare.png,True,True,True,115.328,161.671,0.9876,0.9876,79213,115728,201493,pass_automated_chip_qa_needs_manual_alignment_review,True,do_not_run_vlm_until_manual_alignment_review_passes
2026-06-30T23:22:52Z,emsr884-aoi12-caraballeda,aoi12_v2_00155,Possibly damaged,35,10.61663722,-66.85408522,/data/chips/emsr884-aoi12-caraballeda/aoi12_v2_00155_before_event.png,/data/chips/emsr884-aoi12-caraballeda/aoi12_v2_00155_after_event.png,/data/chips/emsr884-aoi12-caraballeda/aoi12_v2_00155_before_after_compare.png,False,False,False,,,,,,,,skip_missing_before_chip,False,do_not_run_vlm_until_manual_alignment_review_passes
2026-06-30T23:22:52Z,emsr884-aoi12-caraballeda,aoi12_v2_00156,Possibly damaged,35,10.61675453,-66.85639536,/data/chips/emsr884-aoi12-caraballeda/aoi12_v2_00156_before_event.png,/data/chips/emsr884-aoi12-caraballeda/aoi12_v2_00156_after_event.png,/data/chips/emsr884-aoi12-caraballeda/aoi12_v2_00156_before_after_compare.png,False,False,False,,,,,,,,skip_missing_before_chip,False,do_not_run_vlm_until_manual_alignment_review_passes
2026-06-30T23:22:52Z,emsr884-aoi12-caraballeda,aoi12_v2_00157,Damaged,70,10.61711741,-66.8495808,/data/chips/emsr884-aoi12-caraballeda/aoi12_v2_00157_before_event.png,/data/chips/emsr884-aoi12-caraballeda/aoi12_v2_00157_after_event.png,/data/chips/emsr884-aoi12-caraballeda/aoi12_v2_00157_before_after_compare.png,True,True,True,108.5,161.203,0.9883,0.9883,76255,111177,193868,pass_automated_chip_qa_needs_manual_alignment_review,True,do_not_run_vlm_until_manual_alignment_review_passes
2026-06-30T23:22:52Z,emsr884-aoi12-caraballeda,aoi12_v2_00158,Damaged,70,10.61716015,-66.85074033,/data/chips/emsr884-aoi12-caraballeda/aoi12_v2_00158_before_event.png,/data/chips/emsr884-aoi12-caraballeda/aoi12_v2_00158_after_event.png,/data/chips/emsr884-aoi12-caraballeda/aoi12_v2_00158_before_after_compare.png,True,True,True,117.535,170.961,0.9807,0.9807,75018,112856,194591,pass_automated_chip_qa_needs_manual_alignment_review,True,do_not_run_vlm_until_manual_alignment_review_passes
2026-06-30T23:22:52Z,emsr884-aoi12-caraballeda,aoi12_v2_00159,Damaged,70,10.61726071,-66.84830551,/data/chips/emsr884-aoi12-caraballeda/aoi12_v2_00159_before_event.png,/data/chips/emsr884-aoi12-caraballeda/aoi12_v2_00159_after_event.png,/data/chips/emsr884-aoi12-caraballeda/aoi12_v2_00159_before_after_compare.png,True,True,True,124.055,161.632,0.9872,0.9872,79719,116728,202905,pass_automated_chip_qa_needs_manual_alignment_review,True,do_not_run_vlm_until_manual_alignment_review_passes
2026-06-30T23:22:52Z,emsr884-aoi12-caraballeda,aoi12_v2_00160,Damaged,70,10.61727537,-66.85421555,/data/chips/emsr884-aoi12-caraballeda/aoi12_v2_00160_before_event.png,/data/chips/emsr884-aoi12-caraballeda/aoi12_v2_00160_after_event.png,/data/chips/emsr884-aoi12-caraballeda/aoi12_v2_00160_before_after_compare.png,False,False,False,,,,,,,,skip_missing_before_chip,False,do_not_run_vlm_until_manual_alignment_review_passes
2026-06-30T23:22:52Z,emsr884-aoi12-caraballeda,aoi12_v2_00162,Damaged,70,10.6177936,-66.84957738,/data/chips/emsr884-aoi12-caraballeda/aoi12_v2_00162_before_event.png,/data/chips/emsr884-aoi12-caraballeda/aoi12_v2_00162_after_event.png,/data/chips/emsr884-aoi12-caraballeda/aoi12_v2_00162_before_after_compare.png,True,True,True,122.69,169.735,0.9883,0.9883,73047,110897,190595,pass_automated_chip_qa_needs_manual_alignment_review,True,do_not_run_vlm_until_manual_alignment_review_passes
